ID,Time,Value
139-28,2604.0,0.053949676
140-28,2604.0,0.07071017
141-28,2604.0,0.071798824
142-28,2604.0,0.06860484
139-29,2604.0,0.04870327
140-29,2604.0,0.07225743
141-29,2604.0,0.06151764
142-29,2604.0,0.05592513
